PYTHON,1254627,0.783333333,mr
PYTHON,2794272,83.3,mr
PYTHON,2907919,0.55,mr
PYTHON,2982929,98.83333333,me
PYTHON,2567483,12.93333333,mr
PYTHON,2567483,12.93333333,mb
PYTHON,2567483,12.93333333,me
PYTHON,3193756,34.6,mr
PYTHON,3237847,32.71666667,mr
PYTHON,3208927,4.75,mr
PYTHON,3208927,4.75,md
PYTHON,3208927,4.75,mm
PYTHON,4542367,0.316666667,mb
PYTHON,4542367,0.316666667,fp
PYTHON,4011526,1.083333333,dc
PYTHON,4011526,1.083333333,dp
PYTHON,4011526,1.083333333,mr
PYTHON,4011526,1.083333333,mb
PYTHON,5264492,3.95,me
PYTHON,5503820,20.01666667,mr
PYTHON,3837692,1.766666667,mb
PYTHON,4789318,6.4,md
PYTHON,4789318,6.4,me
PYTHON,4819437,0.066666667,mr
PYTHON,6311829,42.93333333,?
PYTHON,6541141,0.25,me
PYTHON,7733969,0.366666667,dc
PYTHON,6615833,1.933333333,mr
PYTHON,7211678,13.15,mr
PYTHON,573768,3.1,mr
PYTHON,573768,3.1,mm
PYTHON,7326958,8.8,mr
PYTHON,7958738,9.616666667,md
PYTHON,7958738,9.616666667,mr
PYTHON,7273718,2261.3,mr
PYTHON,8818265,0.45,mb
PYTHON,8818265,0.45,fp
PYTHON,9006993,0.633333333,mb
PYTHON,9006993,0.633333333,me
PYTHON,9299346,1.783333333,mr
PYTHON,9299346,1.783333333,me
PYTHON,9299346,1.783333333,md
PYTHON,9365982,4.25,?
PYTHON,6629165,4.8,mr
PYTHON,6629165,4.8,mb
PYTHON,9720894,2.366666667,no
PYTHON,3419400,33.68333333,dc
PYTHON,3419400,33.68333333,dp
PYTHON,3419400,33.68333333,mb
PYTHON,11116697,29.31666667,mr
PYTHON,11441751,18.13333333,dp
PYTHON,11441751,18.13333333,fp
PYTHON,10936183,16.51666667,mr
PYTHON,10936183,16.51666667,mb
PYTHON,7535768,450.2666667,mr
PYTHON,11005529,30.03333333,fp
PYTHON,11005529,30.03333333,mb
PYTHON,11856206,0.55,me
PYTHON,3247952,335.5166667,fp
PYTHON,3688075,61.05,me
PYTHON,12118720,16.76666667,md
PYTHON,12118720,16.76666667,me
PYTHON,12301640,19.26666667,mb
PYTHON,12301640,19.26666667,me
PYTHON,12721486,3.15,?
PYTHON,8757466,15.08333333,mr
PYTHON,7694978,5.766666667,no
PYTHON,13956943,0.116666667,mr
PYTHON,13956943,0.116666667,mb
PYTHON,13956943,0.116666667,me
PYTHON,14505716,5.533333333,dp
PYTHON,14505716,5.533333333,fp
PYTHON,14505716,5.533333333,mb
PYTHON,14192284,1.5,no
PYTHON,14254203,0.983333333,fp
PYTHON,14254203,0.983333333,mb
PYTHON,7986900,1.55,mr
PYTHON,15181311,8.283333333,mb
PYTHON,7428741,13223.73333,mr
PYTHON,8953326,330.1166667,mb
PYTHON,16141256,1.383333333,me
PYTHON,16141256,1.383333333,mb
PYTHON,6585734,4.4,mr
PYTHON,16572192,2.416666667,me
PYTHON,16572192,2.416666667,mb
PYTHON,16366331,114.25,mr
PYTHON,16366331,114.25,mm
PYTHON,16832551,4.766666667,md
PYTHON,16832551,4.766666667,mb
PYTHON,10098533,1,mr
PYTHON,17502580,2.583333333,mr
PYTHON,17502580,2.583333333,dc
PYTHON,19018333,7.05,fp
PYTHON,19018333,7.05,me
PYTHON,19018333,7.05,mb
PYTHON,1783669,1.1,mr
PYTHON,20382484,30.1,dp
PYTHON,20382484,30.1,fp
PYTHON,20643300,0.166666667,mr
PYTHON,20643300,0.166666667,fp
PYTHON,20643300,0.166666667,mb
PYTHON,7554873,391.75,mr
PYTHON,19054923,0.1,me
PYTHON,19149364,1.766666667,mb
PYTHON,19149364,1.766666667,me
PYTHON,11910481,7.8,no
PYTHON,19262621,3.5,mr
PYTHON,21600196,0.15,dc
PYTHON,21600196,0.15,dp
PYTHON,21600196,0.15,fp
PYTHON,21642387,1.183333333,me
PYTHON,2661778,13.3,mr
PYTHON,20998832,6.05,md
PYTHON,20998832,6.05,me
PYTHON,22048161,3.833333333,mr
PYTHON,8539141,39.31666667,md
PYTHON,8539141,39.31666667,mr
PYTHON,12175404,28.31666667,mb
PYTHON,22274233,2.266666667,mr
PYTHON,3113428,1.983333333,mr
PYTHON,3113428,1.983333333,mb
PYTHON,3113428,1.983333333,me
PYTHON,22117692,0.466666667,dc
PYTHON,22117692,0.466666667,dp
PYTHON,22117692,0.466666667,fp
PYTHON,12283184,17.23333333,no
PYTHON,3172509,0.366666667,no
PYTHON,12546702,422.55,mr
PYTHON,12546702,422.55,me
PYTHON,12546702,422.55,md
PYTHON,12689293,1.8,me
PYTHON,12689293,1.8,dc
PYTHON,8849869,7178.716667,mr
PYTHON,23277958,1.95,mr
PYTHON,23277958,1.95,mb
PYTHON,24002485,0.933333333,fp
PYTHON,24002485,0.933333333,dc
PYTHON,24002485,0.933333333,dp
PYTHON,10268044,4.766666667,no
PYTHON,13794754,143.15,mb
PYTHON,13794754,143.15,me
PYTHON,10378601,0.2,me
PYTHON,24686374,184.4166667,?
PYTHON,25551977,23.73333333,mr
PYTHON,24935415,148.7333333,md
PYTHON,24935415,148.7333333,me
PYTHON,14115246,0.533333333,md
PYTHON,27049810,163.1833333,dp
PYTHON,15021521,21.95,fp
PYTHON,25539311,10.45,mb
PYTHON,15577427,44.73333333,md
PYTHON,11345166,0.15,me
PYTHON,11707805,4.6,fp
PYTHON,11707805,4.6,mb
PYTHON,15556116,261.9333333,me
PYTHON,26221312,27.28333333,me
PYTHON,26221312,27.28333333,dp
PYTHON,26221312,27.28333333,fp
PYTHON,28764459,28.01666667,mr
PYTHON,27357121,25.45,me
PYTHON,27357121,25.45,fp
PYTHON,27386641,145.0666667,?
PYTHON,28178763,1.266666667,mr
PYTHON,29831489,0.1,mb
PYTHON,5515675,649.4166667,mr
PYTHON,14231829,0.266666667,fp
PYTHON,14231829,0.266666667,mb
PYTHON,16858652,0.35,dp
PYTHON,16858652,0.35,me
PYTHON,29169732,14.9,mr
PYTHON,30051284,4.55,me
PYTHON,30317119,2.4,mr
PYTHON,30317119,2.4,mb
PYTHON,30573873,82.73333333,mr
PYTHON,30573873,82.73333333,me
PYTHON,30573873,82.73333333,md
PYTHON,14411627,2.3,mr
PYTHON,15034664,12.3,fp
PYTHON,15183685,1.216666667,mr
PYTHON,17797922,4,no
PYTHON,30463035,3.233333333,?
PYTHON,30814231,21.28333333,me
PYTHON,30696741,65.08333333,mr
PYTHON,18375606,0.15,me
PYTHON,15564410,3775.05,mb
PYTHON,30821188,3.533333333,me
PYTHON,13301986,12.66666667,mb
PYTHON,13301986,12.66666667,me
PYTHON,31198353,281.25,me
PYTHON,13560272,16.3,mr
PYTHON,31503874,2.066666667,mr
PYTHON,31503874,2.066666667,mb
PYTHON,31503874,2.066666667,me
PYTHON,31947140,0.966666667,fp
PYTHON,31947140,0.966666667,mb
PYTHON,13623113,3.866666667,no
PYTHON,13701603,0.233333333,mb
PYTHON,13701603,0.233333333,md
PYTHON,19197715,0.366666667,mb
PYTHON,30896367,0.483333333,mb
PYTHON,32198355,0.466666667,dp
PYTHON,32198355,0.466666667,fp
PYTHON,32198355,0.466666667,mb
PYTHON,31345724,0.633333333,me
PYTHON,19410491,0.166666667,mb
PYTHON,16638553,0.733333333,?
PYTHON,31507396,7.983333333,mb
PYTHON,17603935,1.466666667,mb
PYTHON,32191219,0.533333333,dp
PYTHON,32191219,0.533333333,fp
PYTHON,19740490,0.283333333,mb
PYTHON,7114849,98.03333333,dp
PYTHON,7114849,98.03333333,fp
PYTHON,32888108,3.616666667,dp
PYTHON,7742894,18.6,mr
PYTHON,7742894,18.6,fp
PYTHON,14590879,1.833333333,md
PYTHON,14590879,1.833333333,me
PYTHON,8193563,1.516666667,?
PYTHON,15036630,8.316666667,fp
PYTHON,15036630,8.316666667,mb
PYTHON,15531548,0.066666667,mr
PYTHON,19698469,102.7833333,mr
PYTHON,19698469,102.7833333,mm
PYTHON,33091376,5.7,no
PYTHON,33113947,0.3,mr
PYTHON,33113947,0.3,dp
PYTHON,32591629,0.583333333,fp
PYTHON,32591629,0.583333333,mr
PYTHON,21973737,3.383333333,mb
PYTHON,21973737,3.383333333,me
PYTHON,16640470,11.93333333,mb
PYTHON,21998008,10.61666667,mb
PYTHON,9156961,510.7,mr
PYTHON,9156961,510.7,md
PYTHON,9156961,510.7,me
PYTHON,29682104,3674.2,me
PYTHON,29682104,3674.2,mb
PYTHON,17017878,1.083333333,mr
PYTHON,17017878,1.083333333,mm
PYTHON,17017878,1.083333333,md
PYTHON,33294574,3.85,me
PYTHON,33770190,5.066666667,mb
PYTHON,34052115,0.683333333,fp
PYTHON,34052115,0.683333333,mb
PYTHON,17352469,0.15,mr
PYTHON,17352469,0.15,mm
PYTHON,17352469,0.15,md
PYTHON,17352469,0.15,mb
PYTHON,34469237,2.35,md
PYTHON,34469237,2.35,mr
PYTHON,34548576,0.15,mb
PYTHON,33883382,17.15,me
PYTHON,33883382,17.15,md
PYTHON,34698161,1.25,me
PYTHON,34279434,1.883333333,me
PYTHON,16830946,2518.433333,mr
PYTHON,16830946,2518.433333,md
PYTHON,34822152,82.03333333,fp
PYTHON,34822152,82.03333333,mb
PYTHON,34361030,0.2,dp
PYTHON,34361030,0.2,fp
PYTHON,10017086,3.683333333,mb
PYTHON,34713299,1.55,me
PYTHON,34713299,1.55,fp
PYTHON,34713299,1.55,mb
PYTHON,35074549,153.1666667,md
PYTHON,35074549,153.1666667,mb
PYTHON,24061358,7.416666667,mr
PYTHON,24061358,7.416666667,mb
PYTHON,24061358,7.416666667,fp
PYTHON,24617356,183.3333333,me
PYTHON,24617356,183.3333333,md
PYTHON,35212213,0.233333333,me
PYTHON,35212213,0.233333333,mb
PYTHON,19966345,16.63333333,mr
PYTHON,20841167,1.75,mb
PYTHON,21052050,3.2,fp
PYTHON,21052050,3.2,mb
PYTHON,35956902,4.95,me
PYTHON,25287466,76.06666667,mb
PYTHON,25287466,76.06666667,fp
PYTHON,34745196,0.366666667,me
PYTHON,20690163,3.966666667,mb
PYTHON,21675570,84.66666667,mr
PYTHON,21675570,84.66666667,fp
PYTHON,21675570,84.66666667,mb
PYTHON,20731214,0.333333333,dp
PYTHON,20731214,0.333333333,me
PYTHON,20772601,3.75,mr
PYTHON,20772601,3.75,mb
PYTHON,20772601,3.75,me
PYTHON,21816346,3.816666667,mb
PYTHON,21816346,3.816666667,me
PYTHON,21498875,1083.15,me
PYTHON,21498875,1083.15,mm
PYTHON,36065646,28.51666667,mb
PYTHON,36241635,0.15,mb
PYTHON,26182329,0.266666667,fp
PYTHON,26182329,0.266666667,mb
PYTHON,10570042,4.083333333,md
PYTHON,10570042,4.083333333,me
PYTHON,20968237,4.966666667,dc
PYTHON,36498127,3.1,mb
PYTHON,36498127,3.1,me
PYTHON,35241251,0.85,me
PYTHON,35596795,0.55,mb
PYTHON,35596795,0.55,md
PYTHON,35614535,0.283333333,md
PYTHON,35614535,0.283333333,me
PYTHON,35614535,0.283333333,mb
PYTHON,24212612,3.433333333,mb
PYTHON,24212612,3.433333333,md
PYTHON,26261151,0.316666667,?
PYTHON,24468482,50.85,mb
PYTHON,24468482,50.85,me
PYTHON,21151346,9.6,mr
PYTHON,21151346,9.6,mb
PYTHON,35677724,3.2,no
PYTHON,24706677,239.6,mr
PYTHON,24706677,239.6,mb
PYTHON,35751874,114.9833333,mr
PYTHON,35751874,114.9833333,mm
PYTHON,35751874,114.9833333,md
PYTHON,36927025,9.7,md
PYTHON,36927025,9.7,mb
PYTHON,36007883,5.95,mb
PYTHON,36153638,0.1,mb
PYTHON,36153638,0.1,mr
PYTHON,25339439,9.95,me
PYTHON,36210887,0.383333333,md
PYTHON,36210887,0.383333333,mb
PYTHON,36428157,154.0166667,fp
PYTHON,36428157,154.0166667,mb
PYTHON,36593665,1.933333333,dp
PYTHON,36593665,1.933333333,mb
PYTHON,27476933,2.066666667,mb
PYTHON,27476933,2.066666667,me
PYTHON,18243959,6736.566667,me
PYTHON,29754508,7.9,mb
PYTHON,23174964,1941.133333,mb
PYTHON,36869550,0.033333333,mb
PYTHON,24788200,0.533333333,no
PYTHON,36885474,1.65,mr
PYTHON,36885474,1.65,mb
PYTHON,25217065,0.65,mb
PYTHON,25217065,0.65,mr
PYTHON,37228371,3.466666667,no
PYTHON,26213496,0.816666667,mm
PYTHON,26213496,0.816666667,fp
PYTHON,11141761,22.83333333,dc
PYTHON,11141761,22.83333333,fp
PYTHON,30017491,53.56666667,mb
PYTHON,30017491,53.56666667,me
PYTHON,30017491,53.56666667,mr
PYTHON,11535483,0.15,mr
PYTHON,11535483,0.15,me
PYTHON,30140104,1.433333333,mb
PYTHON,30140104,1.433333333,me
PYTHON,36967666,1.216666667,dp
PYTHON,36967666,1.216666667,fp
PYTHON,36798669,392.7,mb
PYTHON,36798669,392.7,me
PYTHON,34673396,3997.8,me
PYTHON,37213388,0.333333333,mm
PYTHON,37213388,0.333333333,md
PYTHON,37213388,0.333333333,mb
PYTHON,37213388,0.333333333,me
PYTHON,37166268,58.23333333,mb
PYTHON,37166268,58.23333333,me
PYTHON,37436629,980.0166667,mb
PYTHON,37436629,980.0166667,me
PYTHON,38646500,3.616666667,md
PYTHON,38646500,3.616666667,mb
PYTHON,38646500,3.616666667,me
PYTHON,37345444,2.233333333,no
PYTHON,12253151,2.566666667,me
PYTHON,12253151,2.566666667,mb
PYTHON,26602794,1.916666667,fp
PYTHON,38715212,1.033333333,mb
PYTHON,38893374,0.5,fp
PYTHON,28114717,0.483333333,fp
PYTHON,28114717,0.483333333,mb
PYTHON,28542686,0.833333333,me
PYTHON,29441943,1.416666667,md
PYTHON,29441943,1.416666667,me
PYTHON,38176472,1284.033333,?
PYTHON,31175140,2.683333333,me
PYTHON,12284638,0.233333333,mr
PYTHON,12284638,0.233333333,me
PYTHON,30442259,0.083333333,me
PYTHON,30915056,395.9666667,md
PYTHON,30915056,395.9666667,mr
PYTHON,27824954,0.516666667,dp
PYTHON,31289011,7.566666667,mr
PYTHON,31421413,187.45,dp
PYTHON,31421413,187.45,fp
PYTHON,31421413,187.45,mb
PYTHON,31421413,187.45,me
PYTHON,32106063,0.883333333,mb
PYTHON,37615544,1.516666667,me
PYTHON,37758496,142.05,fp
PYTHON,37758496,142.05,mb
PYTHON,32106092,1.333333333,mb
PYTHON,36428323,1920.783333,mb
PYTHON,39390160,0.05,dp
PYTHON,39390160,0.05,fp
PYTHON,39414060,0.433333333,mb
PYTHON,30991592,118.4333333,fp
PYTHON,30991592,118.4333333,mb
PYTHON,31159157,1.533333333,me
PYTHON,31677218,0.133333333,mb
PYTHON,13032114,0.783333333,me
PYTHON,31880720,3.183333333,mb
PYTHON,31880720,3.183333333,me
PYTHON,33612296,29.68333333,mm
PYTHON,33612296,29.68333333,md
PYTHON,33612296,29.68333333,mb
PYTHON,33612296,29.68333333,me
PYTHON,39089637,715.2833333,mb
PYTHON,38056110,4.233333333,mb
PYTHON,32109319,0.4,?
PYTHON,13336576,165.2333333,mr
PYTHON,29788047,4.816666667,mb
PYTHON,32235272,0.233333333,dp
PYTHON,13521898,0.816666667,mr
PYTHON,13521898,0.816666667,mb
PYTHON,31151272,31.46666667,mb
PYTHON,31151272,31.46666667,me
PYTHON,31304314,0.1,mb
PYTHON,32660231,0.233333333,mr
PYTHON,33641231,0.583333333,fp
PYTHON,33641231,0.583333333,mb
PYTHON,38166327,11.21666667,md
PYTHON,38166327,11.21666667,mb
PYTHON,38166327,11.21666667,me
PYTHON,31427094,3.55,dp
PYTHON,38149622,52,me
PYTHON,13688410,2.233333333,?
PYTHON,33698510,26.95,mb
PYTHON,33689721,0.15,mb
PYTHON,33689721,0.15,me
PYTHON,40336502,4.566666667,no
PYTHON,38248657,3.933333333,me
PYTHON,34055706,0.383333333,dp
PYTHON,34055706,0.383333333,fp
PYTHON,34379911,19.63333333,mb
PYTHON,38079853,231.75,fp
PYTHON,38079853,231.75,mb
PYTHON,40341519,0.283333333,mb
PYTHON,39713694,896.9,me
PYTHON,41271725,0.816666667,dp
PYTHON,41271725,0.816666667,fp
PYTHON,18598988,20518.93333,dp
PYTHON,18598988,20518.93333,fp
PYTHON,34649152,44.51666667,me
PYTHON,41484580,19.7,mb
PYTHON,34824782,0.216666667,mr
PYTHON,34824782,0.216666667,fp
PYTHON,41531695,4.983333333,no
PYTHON,30588528,1578.983333,mr
PYTHON,30588528,1578.983333,mb
PYTHON,31952991,0.033333333,?
PYTHON,34673164,3.783333333,mb
PYTHON,34673164,3.783333333,me
PYTHON,34835503,14.96666667,mb
PYTHON,35106112,61.21666667,dc
PYTHON,35106112,61.21666667,dp
PYTHON,35106112,61.21666667,fp
PYTHON,42048576,8.9,mb
PYTHON,42124395,0.433333333,me
PYTHON,34894587,1.05,me
PYTHON,42159937,4.333333333,mb
PYTHON,42159937,4.333333333,me
PYTHON,42325212,12.1,dp
PYTHON,42426960,278.2333333,mb
PYTHON,42426960,278.2333333,me
PYTHON,32407621,125.75,dc
PYTHON,32407621,125.75,fp
PYTHON,11230955,6476.95,md
PYTHON,11230955,6476.95,mb
PYTHON,42675391,0.366666667,mb
PYTHON,42698919,93.1,mr
PYTHON,42698919,93.1,mb
PYTHON,35254138,1.666666667,fp
PYTHON,35254138,1.666666667,mb
PYTHON,35292741,0.566666667,mb
PYTHON,36631163,2530.65,mr
PYTHON,36631163,2530.65,mb
PYTHON,36631163,2530.65,me
PYTHON,35295191,0.95,mm
PYTHON,35295191,0.95,mb
PYTHON,32492550,5.233333333,?
PYTHON,16078015,0.566666667,me
PYTHON,32641643,9.483333333,mb
PYTHON,32641643,9.483333333,me
PYTHON,32934119,14.46666667,mr
PYTHON,32934119,14.46666667,mb
PYTHON,35740594,2.266666667,md
PYTHON,35740594,2.266666667,me
PYTHON,16080726,1.966666667,fp
PYTHON,36113686,0.283333333,fp
PYTHON,36113686,0.283333333,mb
PYTHON,36108519,192.6666667,mr
PYTHON,36108519,192.6666667,mb
PYTHON,36520043,1.6,me
PYTHON,36633460,15.1,mb
PYTHON,36633460,15.1,me
PYTHON,43009881,0.133333333,no
PYTHON,38778760,8,mb
PYTHON,38778760,8,me
PYTHON,27697766,10127.25,?
PYTHON,16329384,0.666666667,mb
PYTHON,16329384,0.666666667,me
PYTHON,16329384,0.666666667,md
PYTHON,37074244,54.01666667,mr
PYTHON,37074244,54.01666667,mb
PYTHON,37074244,54.01666667,fp
PYTHON,41108684,2453.633333,mb
PYTHON,38976670,0.65,mr
PYTHON,33469633,4.083333333,mr
PYTHON,36020583,9029.333333,mb
PYTHON,36020583,9029.333333,me
PYTHON,35730534,0.066666667,dc
PYTHON,39094267,0.166666667,me
PYTHON,33664651,0.166666667,fp
PYTHON,37350131,0.316666667,?
PYTHON,32916255,4158.45,md
PYTHON,32916255,4158.45,mb
PYTHON,43366561,0.183333333,dp
PYTHON,43366561,0.183333333,fp
PYTHON,16719263,12.23333333,md
PYTHON,16719263,12.23333333,mr
PYTHON,16719263,12.23333333,me
PYTHON,31498390,7502.7,dp
PYTHON,37367000,371.95,mb
PYTHON,37367000,371.95,md
PYTHON,37861021,0.616666667,me
PYTHON,39132469,1.75,me
PYTHON,36187825,83.4,mb
PYTHON,37756171,260.5833333,fp
PYTHON,37756171,260.5833333,me
PYTHON,39158003,1.633333333,mb
PYTHON,39158003,1.633333333,mr
PYTHON,38058774,0.266666667,mb
PYTHON,38058774,0.266666667,me
PYTHON,39300880,9.116666667,me
PYTHON,36359172,0.733333333,me
PYTHON,43525896,116.4833333,me
PYTHON,36523558,0.166666667,mb
PYTHON,16812622,1.483333333,mr
PYTHON,16812622,1.483333333,mb
PYTHON,39307945,0.816666667,mr
PYTHON,39307945,0.816666667,dp
PYTHON,39307945,0.816666667,fp
PYTHON,39307945,0.816666667,mb
PYTHON,39303912,9.583333333,dp
PYTHON,39303912,9.583333333,fp
PYTHON,43647446,13.98333333,md
PYTHON,43647446,13.98333333,mb
PYTHON,17310097,0.316666667,mr
PYTHON,34170618,7133.666667,md
PYTHON,34170618,7133.666667,me
PYTHON,17953539,1.133333333,me
PYTHON,36894358,0.633333333,mr
PYTHON,38015181,7733.45,me
PYTHON,17982931,18.78333333,mr
PYTHON,17982931,18.78333333,dp
PYTHON,35995999,5262.516667,me
PYTHON,18432823,2.45,mr
PYTHON,38101460,0.783333333,mr
PYTHON,38101460,0.783333333,mb
PYTHON,40278868,0.033333333,md
PYTHON,40278868,0.033333333,mb
PYTHON,34540017,0.133333333,no
PYTHON,38153829,91.68333333,me
PYTHON,38153829,91.68333333,mb
PYTHON,38589230,248.05,dp
PYTHON,38589230,248.05,fp
PYTHON,38837309,0.083333333,mb
PYTHON,44212706,2.183333333,no
PYTHON,44247152,100.0833333,mm
PYTHON,44247152,100.0833333,dp
PYTHON,44247152,100.0833333,fp
PYTHON,40539758,34.68333333,mr
PYTHON,40539758,34.68333333,fp
PYTHON,39093683,17.71666667,me
PYTHON,44274701,91.91666667,md
PYTHON,44274701,91.91666667,mb
PYTHON,33642158,4095.383333,me
PYTHON,33642158,4095.383333,mb
PYTHON,37124823,0.116666667,no
PYTHON,18899939,1.016666667,mr
PYTHON,40694972,1.883333333,dp
PYTHON,40694972,1.883333333,fp
PYTHON,40715458,3.15,mb
PYTHON,40715458,3.15,md
PYTHON,40715458,3.15,mr
PYTHON,40805140,12.18333333,dp
PYTHON,40805140,12.18333333,fp
PYTHON,44434359,0.266666667,mb
PYTHON,37159070,136.7,me
PYTHON,41370987,0.816666667,mr
PYTHON,41370987,0.816666667,mb
PYTHON,39817949,1.466666667,me
PYTHON,40005795,1.316666667,?
PYTHON,37425961,2.45,dp
PYTHON,37529571,0.366666667,md
PYTHON,37529571,0.366666667,fp
PYTHON,44443479,14.18333333,me
PYTHON,37689632,0.466666667,mb
PYTHON,37689632,0.466666667,me
PYTHON,40146428,2.383333333,me
PYTHON,40220683,19.26666667,fp
PYTHON,40220683,19.26666667,mb
PYTHON,40220683,19.26666667,me
PYTHON,34631852,4.983333333,fp
PYTHON,34702041,7.7,me
PYTHON,42280439,12.83333333,mb
PYTHON,44493395,5.316666667,me
PYTHON,44560549,2.05,dp
PYTHON,44560549,2.05,fp
PYTHON,44574679,1.566666667,mb
PYTHON,44574679,1.566666667,me
PYTHON,40257152,374.6666667,mr
PYTHON,42362027,0.75,me
PYTHON,37965139,3683.533333,mb
PYTHON,34795988,1.466666667,?
PYTHON,38033079,66.03333333,fp
PYTHON,38033079,66.03333333,mb
PYTHON,44386348,237.5833333,md
PYTHON,44386348,237.5833333,mb
PYTHON,44765376,12.08333333,no
PYTHON,19938587,0.383333333,dp
PYTHON,19938587,0.383333333,fp
PYTHON,19984957,15.38333333,mr
PYTHON,19984957,15.38333333,mb
PYTHON,34898247,148.3,mr
PYTHON,38125319,1.166666667,mb
PYTHON,40758562,6.866666667,no
PYTHON,44971349,0.15,mr
PYTHON,44971349,0.15,me
PYTHON,40770898,0.616666667,mb
PYTHON,40770898,0.616666667,me
PYTHON,40853349,0.766666667,mr
PYTHON,40853349,0.766666667,md
PYTHON,38365389,0.966666667,mr
PYTHON,38780302,4.016666667,mb
PYTHON,38780302,4.016666667,md
PYTHON,38947754,4.1,mb
PYTHON,38947754,4.1,md
PYTHON,42971039,3.833333333,me
PYTHON,41047151,14.26666667,mr
PYTHON,41047151,14.26666667,dp
PYTHON,20151843,18.75,dp
PYTHON,20151843,18.75,fp
PYTHON,45479009,7.833333333,md
PYTHON,45479009,7.833333333,mb
PYTHON,35163371,4.55,?
PYTHON,41074688,17.95,mr
PYTHON,41074688,17.95,mb
PYTHON,35233156,0.6,mb
PYTHON,35233156,0.6,me
PYTHON,42699243,3618.75,me
PYTHON,35492556,0.466666667,md
PYTHON,35492556,0.466666667,mb
PYTHON,41255268,1.333333333,fp
PYTHON,41255268,1.333333333,mb
PYTHON,41255268,1.333333333,me
PYTHON,41290525,15.96666667,me
PYTHON,41372375,10.38333333,mb
PYTHON,41592661,8,me
PYTHON,41716380,10.81666667,me
PYTHON,43469281,0.633333333,md
PYTHON,43469281,0.633333333,me
PYTHON,45674652,0.55,mb
PYTHON,45704226,1.2,no
PYTHON,36253258,0.383333333,fp
PYTHON,36253258,0.383333333,mb
PYTHON,45786218,16.8,mr
PYTHON,45786218,16.8,fp
PYTHON,45786218,16.8,mm
PYTHON,45786218,16.8,dp
PYTHON,36369335,0.85,mb
PYTHON,36369335,0.85,me
PYTHON,45674696,262.7333333,mr
PYTHON,45674696,262.7333333,mb
PYTHON,45674696,262.7333333,mm
PYTHON,21370087,0.583333333,dp
PYTHON,21492726,1.916666667,dp
PYTHON,21492726,1.916666667,fp
PYTHON,36556868,0.166666667,mb
PYTHON,36566844,0.816666667,mb
PYTHON,36566844,0.816666667,me
PYTHON,45961428,1.233333333,mb
PYTHON,45961428,1.233333333,me
PYTHON,41327601,5985.65,me
PYTHON,41327601,5985.65,md
PYTHON,39071630,0.1,?
PYTHON,39295136,0.116666667,md
PYTHON,39295136,0.116666667,me
PYTHON,39295136,0.116666667,mb
PYTHON,41813665,154.2666667,md
PYTHON,41813665,154.2666667,mb
PYTHON,40201594,2734.966667,md
PYTHON,40201594,2734.966667,me
PYTHON,43624065,126.65,dp
PYTHON,43844510,104,no
PYTHON,46619869,1.566666667,mb
PYTHON,46619869,1.566666667,me
PYTHON,42263915,3.45,mb
PYTHON,42263915,3.45,me
PYTHON,46685698,0.916666667,md
PYTHON,46685698,0.916666667,fp
PYTHON,46685698,0.916666667,mb
PYTHON,46719028,41.2,fp
PYTHON,46719028,41.2,mb
PYTHON,46719028,41.2,me
PYTHON,42033720,446.95,me
PYTHON,47115946,66.28333333,mb
PYTHON,47115946,66.28333333,me
PYTHON,43956705,15.65,mb
PYTHON,21929205,3.15,mb
PYTHON,22022410,3.05,me
PYTHON,47157526,55.75,me
PYTHON,22443041,0.9,mr
PYTHON,22443041,0.9,me
PYTHON,22443041,0.9,mb
PYTHON,30453776,17735.03333,fp
PYTHON,30453776,17735.03333,md
PYTHON,22581838,19.46666667,fp
PYTHON,22581838,19.46666667,me
PYTHON,42521400,0.85,me
PYTHON,39359272,0.9,dc
PYTHON,42556919,25.03333333,mr
PYTHON,42556919,25.03333333,mb
PYTHON,47296969,0.2,mb
PYTHON,47295025,8.55,mb
PYTHON,42827240,0.483333333,mb
PYTHON,39376169,1.2,md
PYTHON,39376169,1.2,me
PYTHON,39529012,1.816666667,md
PYTHON,39529012,1.816666667,me
PYTHON,39529012,1.816666667,mb
PYTHON,22675274,138.2,md
PYTHON,22675274,138.2,me
PYTHON,22675274,138.2,mb
PYTHON,44647258,8.583333333,mb
PYTHON,39541204,0.116666667,md
PYTHON,39541204,0.116666667,mb
PYTHON,23309073,2.45,me
PYTHON,41061457,4653.75,mb
PYTHON,41061457,4653.75,md
PYTHON,42913869,22.55,mr
PYTHON,42913869,22.55,fp
PYTHON,44833816,17.75,md
PYTHON,44833816,17.75,me
PYTHON,45021452,0.566666667,me
PYTHON,45074698,0.15,mb
PYTHON,24096146,0.316666667,me
PYTHON,36986815,3.033333333,mb
PYTHON,37012320,0.533333333,mr
PYTHON,37012320,0.533333333,mb
PYTHON,42927920,30.01666667,mb
PYTHON,42927920,30.01666667,me
PYTHON,42950991,227.7,dp
PYTHON,42950991,227.7,fp
PYTHON,45074579,4.916666667,fp
PYTHON,45074579,4.916666667,mb
PYTHON,45083521,5.7,me
PYTHON,45083521,5.7,mr
PYTHON,24367141,213.1833333,mr
PYTHON,24367141,213.1833333,dp
PYTHON,24367141,213.1833333,mb
PYTHON,45029977,94.08333333,me
PYTHON,45029977,94.08333333,mb
PYTHON,37023460,2.483333333,mb
PYTHON,22767695,2325.066667,mr
PYTHON,22767695,2325.066667,dp
PYTHON,39810356,483.2666667,mr
PYTHON,37106983,0.916666667,no
PYTHON,42945509,3070.216667,md
PYTHON,36647054,586.4333333,no
PYTHON,45451161,12.78333333,me
PYTHON,40271269,1.183333333,mr
PYTHON,40271269,1.183333333,mb
PYTHON,40271269,1.183333333,mm
PYTHON,37379623,2.5,no
PYTHON,47494896,31.13333333,fp
PYTHON,40050397,511.75,md
PYTHON,40050397,511.75,mb
PYTHON,40050397,511.75,me
PYTHON,37487830,117.7666667,me
PYTHON,37487830,117.7666667,mr
PYTHON,45478716,0.683333333,md
PYTHON,45478716,0.683333333,mb
PYTHON,45764629,0.633333333,fp
PYTHON,45764629,0.633333333,mb
PYTHON,40542523,146.3166667,me
PYTHON,44255417,7.65,?
PYTHON,24739121,4.8,mb
PYTHON,24739121,4.8,me
PYTHON,33879281,4723.283333,mb
PYTHON,37766030,0.6,dp
PYTHON,45769058,0.466666667,mr
PYTHON,40938834,70.88333333,mb
PYTHON,40938834,70.88333333,md
PYTHON,21281328,4210.05,me
PYTHON,47666699,133.6333333,mr
PYTHON,47899463,7.95,me
PYTHON,37849322,19.55,no
PYTHON,45911481,0.316666667,dp
PYTHON,45911481,0.316666667,fp
PYTHON,45961809,1.35,md
PYTHON,45961809,1.35,me
PYTHON,41462711,29.9,mr
PYTHON,41462711,29.9,mb
PYTHON,47912124,39.75,mb
PYTHON,44622857,0.616666667,mb
PYTHON,42923851,6644.35,mr
PYTHON,27454767,1.033333333,fp
PYTHON,41611518,3.316666667,me
PYTHON,41659535,3.883333333,?
PYTHON,45979848,1.65,md
PYTHON,45979848,1.65,mb
PYTHON,46093073,0.383333333,dp
PYTHON,41673889,2.316666667,fp
PYTHON,41673889,2.316666667,mb
PYTHON,46177721,0.55,mb
PYTHON,41783136,2.066666667,fp
PYTHON,41783136,2.066666667,mb
PYTHON,38445982,1.316666667,me
PYTHON,38549040,38.41666667,mb
PYTHON,38549040,38.41666667,me
PYTHON,41815354,1.216666667,mr
PYTHON,41815354,1.216666667,mb
PYTHON,41815354,1.216666667,me
PYTHON,46509344,35.35,mr
PYTHON,41863921,2.35,mb
PYTHON,48127550,27.8,mb
PYTHON,41877731,87.38333333,me
PYTHON,38626435,2.266666667,md
PYTHON,38626435,2.266666667,mb
PYTHON,38728895,11.66666667,me
PYTHON,42032250,0.633333333,fp
PYTHON,27948363,0.1,no
PYTHON,42302062,144.5333333,mr
PYTHON,38819576,79.46666667,mb
PYTHON,38819576,79.46666667,me
PYTHON,38819576,79.46666667,fp
PYTHON,46010755,1424.433333,mb
PYTHON,42596057,0.466666667,mb
PYTHON,37037450,2658.933333,fp
PYTHON,44903189,0.433333333,no
PYTHON,43043271,0.066666667,me
PYTHON,48233400,9.716666667,mb
PYTHON,47106385,38.31666667,me
PYTHON,47178371,0.066666667,md
PYTHON,47178371,0.066666667,mb
PYTHON,47183159,0.566666667,md
PYTHON,47183159,0.566666667,mb
PYTHON,44951240,1.783333333,mr
PYTHON,44951240,1.783333333,mb
PYTHON,44951240,1.783333333,me
PYTHON,47277279,11.25,mr
PYTHON,47277279,11.25,mb
PYTHON,42920148,6002.616667,mb
PYTHON,42920148,6002.616667,md
PYTHON,43265084,0.283333333,mb
PYTHON,43266799,0.283333333,mr
PYTHON,43266799,0.283333333,me
PYTHON,43266799,0.283333333,mb
PYTHON,28334091,0.166666667,dp
PYTHON,28334091,0.166666667,fp
PYTHON,39112176,0.583333333,mb
PYTHON,45013060,0.1,?
PYTHON,45031509,2.266666667,mb
PYTHON,48356424,1.233333333,mb
PYTHON,43530761,1.083333333,mb
PYTHON,43530761,1.083333333,me
PYTHON,45111142,72.25,fp
PYTHON,45295501,0.633333333,me
PYTHON,43613443,0.333333333,me
PYTHON,45398737,0.7,me
PYTHON,48385265,18.55,mb
PYTHON,48385265,18.55,me
PYTHON,48508036,5.683333333,mb
PYTHON,38175673,13833.71667,md
PYTHON,38175673,13833.71667,mb
PYTHON,43672047,2.866666667,mb
PYTHON,29171676,27.65,dp
PYTHON,29171676,27.65,fp
PYTHON,29504252,13.8,mb
PYTHON,29589327,13.36666667,mr
PYTHON,36428205,14407.58333,fp
PYTHON,47346809,256.3333333,md
PYTHON,47346809,256.3333333,me
PYTHON,48729107,1.75,mb
PYTHON,48758383,0.15,?
PYTHON,43795423,14.5,no
PYTHON,48783798,1.566666667,me
PYTHON,44535119,1219.316667,no
PYTHON,45500915,0.233333333,mb
PYTHON,48872738,87.91666667,me
PYTHON,48993004,0,md
PYTHON,48993004,0,mb
PYTHON,48993004,0,me
PYTHON,43398909,893.7666667,me
PYTHON,43398909,893.7666667,mb
PYTHON,29707174,41.51666667,dp
PYTHON,29707174,41.51666667,md
PYTHON,47609537,1.05,me
PYTHON,48955104,79.85,mb
PYTHON,48955104,79.85,me
PYTHON,49134338,0.183333333,me
PYTHON,49134338,0.183333333,mr
PYTHON,44193154,1.65,md
PYTHON,44193154,1.65,mb
PYTHON,39467496,533,mb
PYTHON,49147774,0.066666667,md
PYTHON,49147774,0.066666667,mb
PYTHON,42641824,3669.966667,md
PYTHON,42641824,3669.966667,mb
PYTHON,42641824,3669.966667,mr
PYTHON,46857382,1090.966667,mb
PYTHON,46857382,1090.966667,me
PYTHON,45910823,0.333333333,mb
PYTHON,47775771,2.966666667,mb
PYTHON,44587923,0.6,me
PYTHON,31956501,0.783333333,me
PYTHON,31956501,0.783333333,mb
PYTHON,31956501,0.783333333,md
PYTHON,31956501,0.783333333,mr
PYTHON,46150757,0.483333333,me
PYTHON,46150757,0.483333333,mb
PYTHON,46150757,0.483333333,md
PYTHON,40124476,0.216666667,mr
PYTHON,40664776,7.15,?
PYTHON,49345578,0.716666667,fp
PYTHON,49345578,0.716666667,mb
PYTHON,40729875,0.316666667,me
PYTHON,44636370,47.91666667,mr
PYTHON,44636370,47.91666667,mb
PYTHON,44636370,47.91666667,me
PYTHON,40405334,479.4666667,mb
PYTHON,40405334,479.4666667,me
PYTHON,49474467,133.9833333,md
PYTHON,49474467,133.9833333,mb
PYTHON,48034625,49.31666667,mm
PYTHON,48034625,49.31666667,mb
PYTHON,48034625,49.31666667,me
PYTHON,44685228,20.76666667,me
PYTHON,44748410,4.416666667,dp
PYTHON,44748410,4.416666667,fp
PYTHON,48061976,2.2,me
PYTHON,48100173,1.866666667,me
PYTHON,45352420,0.083333333,mb
PYTHON,43510778,6337.85,mr
PYTHON,37383812,16395.66667,no
PYTHON,48391075,0.183333333,me
PYTHON,45566695,0.933333333,fp
PYTHON,33161769,3.116666667,fp
PYTHON,45806669,10.78333333,mb
PYTHON,45806669,10.78333333,me
PYTHON,48526466,64,fp
PYTHON,33681517,0.683333333,mr
PYTHON,33681517,0.683333333,fp
PYTHON,33681517,0.683333333,dp
PYTHON,46428870,0.25,dp
PYTHON,46501505,4.616666667,dp
PYTHON,46501505,4.616666667,fp
PYTHON,40926340,0.216666667,?
PYTHON,46155617,5,me
PYTHON,46538710,28.56666667,me
PYTHON,41136853,0.433333333,fp
PYTHON,48641290,0.2,md
PYTHON,48641290,0.2,mb
PYTHON,47172770,0.8,fp
PYTHON,46753234,6.916666667,mr
PYTHON,46753234,6.916666667,me
PYTHON,41338509,35,me
PYTHON,48828478,0.083333333,mb
PYTHON,33710829,2.166666667,mb
PYTHON,47302085,3.75,no
PYTHON,47377222,28.85,mb
PYTHON,47377222,28.85,me
PYTHON,41399481,0.116666667,fp
PYTHON,41191105,436.1166667,mr
PYTHON,41191105,436.1166667,mb
PYTHON,50041558,1.516666667,mr
PYTHON,47399350,13.76666667,mb
PYTHON,41516150,0.716666667,me
PYTHON,47538391,15.41666667,dp
PYTHON,46762083,34.38333333,no
PYTHON,48827687,19.28333333,fp
PYTHON,48827687,19.28333333,mb
PYTHON,48909418,96.73333333,mb
PYTHON,48909418,96.73333333,me
PYTHON,33743944,9.016666667,mb
PYTHON,47750930,3.166666667,mb
PYTHON,47750930,3.166666667,me
PYTHON,46943314,0.2,me
PYTHON,46943314,0.2,fp
PYTHON,48082900,0.433333333,no
PYTHON,46970888,34.86666667,mr
PYTHON,46970888,34.86666667,me
PYTHON,48970179,61.95,mb
PYTHON,48970179,61.95,me
PYTHON,48257255,8.8,dp
PYTHON,48257255,8.8,fp
PYTHON,33860938,0.083333333,me
PYTHON,49019531,0.183333333,mb
PYTHON,50715928,0.383333333,mb
PYTHON,47036409,1.866666667,me
PYTHON,34175174,0.366666667,md
PYTHON,50774683,8.85,mr
PYTHON,50774683,8.85,mb
PYTHON,41787873,13.85,mb
PYTHON,50770858,102.8,mm
PYTHON,50770858,102.8,md
PYTHON,50767157,431.6,mb
PYTHON,50767157,431.6,me
PYTHON,41823068,1.266666667,mb
PYTHON,41823068,1.266666667,me
PYTHON,41855512,0.3,dp
PYTHON,51252555,0.316666667,mb
PYTHON,34238590,0.966666667,mr
PYTHON,34238590,0.966666667,mb
PYTHON,48322542,0.4,dp
PYTHON,48493755,1.666666667,fp
PYTHON,48493755,1.666666667,mb
PYTHON,51481371,0.45,mr
PYTHON,51481371,0.45,md
PYTHON,41553988,514.3333333,me
PYTHON,47107994,6.3,no
PYTHON,44239269,5930.016667,mr
PYTHON,51528579,2.783333333,fp
PYTHON,51528579,2.783333333,mb
PYTHON,48571521,0.033333333,no
PYTHON,47152610,110.45,no
PYTHON,34229140,36.03333333,me
PYTHON,47305618,3.116666667,?
PYTHON,47460201,0.083333333,md
PYTHON,34342122,1.166666667,dp
PYTHON,34342122,1.166666667,me
PYTHON,49160206,8.8,mb
PYTHON,49160206,8.8,me
PYTHON,41443118,865.5666667,me
PYTHON,51841506,0.85,dp
PYTHON,49092527,98.85,no
PYTHON,49165351,8.833333333,me
PYTHON,51853583,26.2,mr
PYTHON,51853583,26.2,mb
PYTHON,51853583,26.2,mm
PYTHON,34536340,13.85,mr
PYTHON,34536340,13.85,mb
PYTHON,48716184,61.26666667,mr
PYTHON,48716184,61.26666667,md
PYTHON,49048622,175.9,md
PYTHON,49048622,175.9,mb
PYTHON,49048622,175.9,me
PYTHON,41806128,10080.4,dp
PYTHON,49033008,474.3666667,mb
PYTHON,49033008,474.3666667,md
PYTHON,49458902,0.766666667,mb
PYTHON,42160313,0,mr
PYTHON,51923048,2.533333333,mb
PYTHON,49175961,0.783333333,fp
PYTHON,49206550,5.9,me
PYTHON,42314542,1.366666667,me
PYTHON,51969472,0.183333333,fp
PYTHON,51969472,0.183333333,mb
PYTHON,22984335,15337.06667,?
PYTHON,34572177,162.2666667,me
PYTHON,49478072,16.1,mr
PYTHON,39002230,4531.9,mb
PYTHON,42402141,1.016666667,mr
PYTHON,49621169,18.41666667,mb
PYTHON,49743337,7.533333333,fp
PYTHON,49743337,7.533333333,mb
PYTHON,52554712,10.2,mb
PYTHON,52554712,10.2,me
PYTHON,49465891,50.66666667,mb
PYTHON,49581104,40.93333333,mr
PYTHON,49581104,40.93333333,me
PYTHON,44746507,7005,me
PYTHON,49857979,53.63333333,md
PYTHON,49857979,53.63333333,me
PYTHON,49820105,6.033333333,me
PYTHON,47709854,3094.5,me
PYTHON,52571752,0.216666667,dp
PYTHON,50203106,4102.683333,me
PYTHON,42630504,0.783333333,mb
PYTHON,49988009,84.65,mr
PYTHON,49988009,84.65,mb
PYTHON,49988009,84.65,md
PYTHON,50092911,38.91666667,fp
PYTHON,47838306,3415.533333,fp
PYTHON,47838306,3415.533333,mb
PYTHON,47721792,20.28333333,?
PYTHON,34739151,0.233333333,me
PYTHON,47942707,128.4666667,dp
PYTHON,50176515,0.683333333,dp
PYTHON,50233954,0.2,fp
PYTHON,50526898,3.5,mb
PYTHON,50526898,3.5,me
PYTHON,48264656,3.15,dc
PYTHON,48264656,3.15,fp
PYTHON,50245684,0.483333333,fp
PYTHON,50245684,0.483333333,mb
PYTHON,50565937,1.216666667,dp
PYTHON,50565937,1.216666667,md
PYTHON,50781562,0.083333333,mb
PYTHON,50781562,0.083333333,mm
PYTHON,48457124,0.4,md
PYTHON,48457124,0.4,mb
PYTHON,42928822,148.8333333,mb
PYTHON,48550201,0.666666667,mb
PYTHON,43076259,0.383333333,me
PYTHON,43178668,6.55,me
PYTHON,48591768,2.066666667,me
PYTHON,50581883,63.65,mb
PYTHON,48610981,0.366666667,mr
PYTHON,53358270,14.76666667,dp
PYTHON,48912695,9.05,mb
PYTHON,48912695,9.05,md
PYTHON,44213549,13516.61667,?
PYTHON,34968722,1.133333333,mb
PYTHON,51181170,0.683333333,mr
PYTHON,51181170,0.683333333,mb
PYTHON,43063031,239.3333333,dp
PYTHON,43063031,239.3333333,mb
PYTHON,54011173,0.2,mb
PYTHON,41657551,12356.91667,md
PYTHON,41657551,12356.91667,mb
PYTHON,35197799,9.9,me
PYTHON,49008074,0.816666667,mb
PYTHON,49008074,0.816666667,me
PYTHON,49008074,0.816666667,mr
PYTHON,51382250,1.8,mb
PYTHON,33547965,23686.76667,dp
PYTHON,33547965,23686.76667,fp
PYTHON,34705494,797.8666667,me
PYTHON,51444059,0.2,fp
PYTHON,51444059,0.2,mb
PYTHON,49151325,7.45,mb
PYTHON,49151325,7.45,me
PYTHON,49259361,0.2,mb
PYTHON,43499342,1.366666667,mb
PYTHON,49404993,0.133333333,fp
PYTHON,49404993,0.133333333,mr
PYTHON,49404993,0.133333333,mb
PYTHON,43568883,0.166666667,dp
PYTHON,51685322,0.633333333,dp
PYTHON,51685322,0.633333333,mb
PYTHON,47558050,3214.1,md
PYTHON,47558050,3214.1,me
PYTHON,43576614,0.116666667,mm
PYTHON,43576614,0.116666667,me
PYTHON,35631192,0.433333333,dp
PYTHON,53740577,533.25,md
PYTHON,43608007,0.166666667,fp
PYTHON,43480186,259.2,mb
PYTHON,43480186,259.2,fp
PYTHON,51857831,1.25,mb
PYTHON,51031746,0.133333333,fp
PYTHON,51031746,0.133333333,mb
PYTHON,49950865,9.1,mb
PYTHON,49950865,9.1,me
PYTHON,51119808,0.216666667,dp
PYTHON,51119808,0.216666667,fp
PYTHON,35884045,0.316666667,dp
PYTHON,35876508,12.85,me
PYTHON,51138686,7.383333333,md
PYTHON,51138686,7.383333333,mb
PYTHON,52055722,0.15,mr
PYTHON,52055722,0.15,mb
PYTHON,35901718,1.05,md
PYTHON,35901718,1.05,me
PYTHON,52046971,17.15,?
PYTHON,44227767,1.033333333,me
PYTHON,54101971,23.25,me
PYTHON,54067474,85.83333333,dp
PYTHON,54067474,85.83333333,mb
PYTHON,54067474,85.83333333,me
PYTHON,50203732,0.1,dp
PYTHON,50203732,0.1,mb
PYTHON,49944010,442.1333333,me
PYTHON,49944010,442.1333333,fp
PYTHON,37127190,0.166666667,me
PYTHON,37127190,0.166666667,mb
PYTHON,54307225,0.116666667,no
PYTHON,54478702,0.666666667,mb
PYTHON,51201789,5.233333333,mb
PYTHON,54282206,305.8666667,me
PYTHON,51367755,66.88333333,dp
PYTHON,51367755,66.88333333,mb
PYTHON,51367755,66.88333333,me
PYTHON,50258960,0.216666667,fp
PYTHON,43256517,1705.95,?
PYTHON,54660448,0.133333333,mb
PYTHON,54660448,0.133333333,mr
PYTHON,50257614,3.366666667,me
PYTHON,50714395,17.3,fp
PYTHON,50714395,17.3,mb
PYTHON,52481006,0.066666667,mb
PYTHON,52481006,0.066666667,me
PYTHON,52481006,0.066666667,md
PYTHON,52388831,228.2333333,dp
PYTHON,52388831,228.2333333,fp
PYTHON,52388831,228.2333333,mb
PYTHON,51577282,110.45,fp
PYTHON,51577282,110.45,mb
PYTHON,51695769,3.483333333,no
PYTHON,50923808,0.7,fp
PYTHON,37161563,1.25,me
PYTHON,55027404,5.883333333,dc
PYTHON,51906144,0.183333333,fp
PYTHON,55531427,268.8166667,mb
PYTHON,55531427,268.8166667,md
PYTHON,55944240,31.06666667,dc
PYTHON,55944240,31.06666667,md
PYTHON,55944240,31.06666667,mb
PYTHON,48750199,3410.3,no
PYTHON,56094714,10.46666667,mb
PYTHON,49830843,2021.65,mr
PYTHON,52373318,78.33333333,me
PYTHON,56405652,24.51666667,mb
PYTHON,52570086,0.566666667,me
PYTHON,37311699,0.066666667,mr
PYTHON,37311699,0.066666667,fp
PYTHON,53349331,7.15,me
PYTHON,38052342,21023.68333,mr
PYTHON,51755160,41.8,fp
PYTHON,51755160,41.8,mb
PYTHON,45306433,2.416666667,mb
PYTHON,45332699,182.1666667,mb
PYTHON,52673610,6.2,?
PYTHON,37523882,50.36666667,mb
PYTHON,53037510,13.48333333,fp
PYTHON,53037510,13.48333333,mb
PYTHON,53277465,1.9,fp
PYTHON,51797280,0.8,mr
PYTHON,53566735,0.15,fp
PYTHON,57388144,0.15,mb
PYTHON,57986259,0.983333333,mr
PYTHON,57986259,0.983333333,mb
PYTHON,45900653,8.266666667,md
PYTHON,45900653,8.266666667,fp
PYTHON,53699675,0.133333333,mb
PYTHON,51885408,0.883333333,fp
PYTHON,51885408,0.883333333,mb
PYTHON,51995977,0.166666667,md
PYTHON,51995977,0.166666667,mb
PYTHON,58001456,0.516666667,me
PYTHON,53789280,85.33333333,mb
PYTHON,53874115,15.8,mm
PYTHON,53874115,15.8,mb
PYTHON,53874115,15.8,md
PYTHON,52012252,10.4,mr
PYTHON,52012252,10.4,mb
PYTHON,53920731,2.15,me
PYTHON,58101126,19.5,dp
PYTHON,58101126,19.5,fp
PYTHON,52089601,3.033333333,?
PYTHON,37583263,6.716666667,mb
PYTHON,37583263,6.716666667,me
PYTHON,52210472,0.166666667,dp
PYTHON,52210472,0.166666667,fp
PYTHON,54509150,24.21666667,?
PYTHON,54585105,53.26666667,me
PYTHON,54585105,53.26666667,mb
PYTHON,37873564,0.3,me
PYTHON,37873564,0.3,mb
PYTHON,54757552,0.25,dp
PYTHON,57377309,1448.416667,mb
PYTHON,52539986,0.3,mb
PYTHON,52539986,0.3,me
PYTHON,52699598,1.466666667,md
PYTHON,52699598,1.466666667,dp
PYTHON,52699598,1.466666667,fp
PYTHON,46255221,1.983333333,mb
PYTHON,54716377,145.3166667,mb
PYTHON,52735334,149.2666667,dp
PYTHON,46580199,1.083333333,mb
PYTHON,55270431,0.533333333,mb
PYTHON,55270431,0.533333333,me
PYTHON,55549843,0.216666667,mr
PYTHON,55549843,0.216666667,mb
PYTHON,55569181,4.833333333,md
PYTHON,55569181,4.833333333,mb
PYTHON,55569181,4.833333333,me
PYTHON,46393983,299.8,mb
PYTHON,46393983,299.8,me
PYTHON,53159427,17.7,mb
PYTHON,55572334,3.916666667,mb
PYTHON,55572334,3.916666667,fp
PYTHON,53376761,1.366666667,md
PYTHON,53376761,1.366666667,mb
PYTHON,53376761,1.366666667,me
PYTHON,54109617,100.35,mb
PYTHON,58276337,2.183333333,fp
PYTHON,46668622,0.9,mb
PYTHON,58832191,2.5,mb
PYTHON,58832191,2.5,me
PYTHON,54314876,18.61666667,mr
PYTHON,54314876,18.61666667,fp
PYTHON,59013109,0.05,fp
PYTHON,59013109,0.05,mb
PYTHON,53581298,131.9,mb
PYTHON,53581298,131.9,me
PYTHON,54450453,1.6,mb
PYTHON,54450453,1.6,me
PYTHON,55533413,455.2,me
PYTHON,55858788,8.683333333,mr
PYTHON,55858788,8.683333333,mb
PYTHON,46752650,5.916666667,?
PYTHON,38231013,0.066666667,mb
PYTHON,59101333,1.266666667,mr
PYTHON,59101333,1.266666667,mb
PYTHON,59331516,0.266666667,dp
PYTHON,59331516,0.266666667,fp
PYTHON,56195865,4.983333333,mr
PYTHON,56195865,4.983333333,mb
PYTHON,56195865,4.983333333,me
PYTHON,54746829,0.416666667,mb
PYTHON,53699121,16.83333333,mb
PYTHON,53699121,16.83333333,me
PYTHON,59394947,0.266666667,mb
PYTHON,54796244,16.75,dp
PYTHON,54796244,16.75,fp
PYTHON,38069538,213.3166667,mb
PYTHON,38069538,213.3166667,me
PYTHON,54145041,10.31666667,mb
PYTHON,46781448,13.9,mb
PYTHON,56510287,236.15,mr
PYTHON,56510287,236.15,mb
PYTHON,60649486,5.316666667,?
PYTHON,56961856,0.166666667,mr
PYTHON,56961856,0.166666667,mb
PYTHON,57325844,2.25,mb
PYTHON,57325844,2.25,fp
PYTHON,47143521,0.1,dp
PYTHON,54345667,21.63333333,dp
PYTHON,55244579,0.85,dp
PYTHON,47295473,0.6,me
PYTHON,57104606,2031.666667,me
PYTHON,2066005,1.366666667,dp
PYTHON,61122276,0.333333333,fp
PYTHON,61122276,0.333333333,mb
PYTHON,61215209,131.25,mb
PYTHON,55222823,0.533333333,md
PYTHON,55222823,0.533333333,mb
PYTHON,52423163,4496.316667,mb
PYTHON,52423163,4496.316667,me
PYTHON,59461811,0,no
PYTHON,47325607,31.68333333,mb
PYTHON,38375401,1.583333333,mr
PYTHON,38375401,1.583333333,mb
PYTHON,60572631,8.05,mb
PYTHON,60572631,8.05,md
PYTHON,55424906,123.7333333,fp
PYTHON,2304726,0.55,mr
PYTHON,56963935,7262.566667,?
PYTHON,61560056,175.3333333,mr
PYTHON,61560056,175.3333333,fp
PYTHON,61560056,175.3333333,mb
PYTHON,61560056,175.3333333,me
PYTHON,60610280,9.65,mr
PYTHON,60610280,9.65,mb
PYTHON,55883795,0.316666667,me
PYTHON,47432168,1.616666667,dp
PYTHON,47432168,1.616666667,fp
PYTHON,47432168,1.616666667,mb
PYTHON,36966392,2049.683333,fp
PYTHON,36966392,2049.683333,mb
PYTHON,60696211,376.2166667,fp
PYTHON,60696211,376.2166667,mb
PYTHON,38584829,3.75,dp
PYTHON,38584829,3.75,fp
PYTHON,56166961,1,mb
PYTHON,56166961,1,me
PYTHON,56166961,1,mm
PYTHON,47380082,388.9333333,mb
PYTHON,61819948,0.283333333,fp
PYTHON,61819948,0.283333333,mb
PYTHON,56253717,0.333333333,mb
PYTHON,38689125,5.916666667,dp
PYTHON,62484597,3.983333333,no
PYTHON,57681910,0.916666667,me
PYTHON,58843269,16.1,no
PYTHON,60889308,556.15,mb
PYTHON,38709517,0.233333333,mb
PYTHON,47840228,14.08333333,fp
PYTHON,47840228,14.08333333,mb
PYTHON,55390492,4.3,mb
PYTHON,63000388,0,dp
PYTHON,63000388,0,fp
PYTHON,63187644,0.216666667,no
PYTHON,38910471,5.333333333,md
PYTHON,38910471,5.333333333,mb
PYTHON,59129812,0.15,mr
PYTHON,59129812,0.15,mb
PYTHON,55181044,361.6833333,mb
PYTHON,38933793,2.983333333,me
PYTHON,55328966,169.0666667,me
PYTHON,62833204,0.316666667,dp
PYTHON,59937482,48.06666667,mb
PYTHON,59937482,48.06666667,me
PYTHON,55593861,0.85,mb
PYTHON,55593861,0.85,me
PYTHON,39123421,0.633333333,mr
PYTHON,39123421,0.633333333,fp
PYTHON,39250828,3.183333333,mb
PYTHON,39335535,0.35,mb
PYTHON,39335535,0.35,me
PYTHON,60022388,109.7166667,md
PYTHON,60022388,109.7166667,mb
PYTHON,63413064,217.75,mr
PYTHON,63413064,217.75,mm
PYTHON,63413064,217.75,mb
PYTHON,47873366,7.416666667,me
PYTHON,47873366,7.416666667,fp
PYTHON,41162876,8905.266667,me
PYTHON,47953338,0.033333333,dp
PYTHON,60377747,385.3333333,mr
PYTHON,60377747,385.3333333,mb
PYTHON,60377747,385.3333333,me
PYTHON,48085315,1.883333333,me
PYTHON,48085182,4.75,mb
PYTHON,63520908,80.75,?
PYTHON,39391753,0.616666667,md
PYTHON,39391753,0.616666667,mb
PYTHON,48098951,0.333333333,me
PYTHON,48098951,0.333333333,mb
PYTHON,55953284,14.5,dp
PYTHON,39551264,0.316666667,mb
PYTHON,39551264,0.316666667,me
PYTHON,47957151,351.1333333,fp
PYTHON,47957151,351.1333333,mb
PYTHON,48239242,0.916666667,md
PYTHON,48372575,0.1,mr
PYTHON,48372575,0.1,mb
PYTHON,39112622,1068.116667,mb
PYTHON,48668369,0.066666667,mb
PYTHON,4214868,0.383333333,mr
PYTHON,4214868,0.383333333,mb
PYTHON,4214868,0.383333333,dp
PYTHON,4214868,0.383333333,fp
PYTHON,56452609,66.48333333,mb
PYTHON,56452609,66.48333333,me
PYTHON,40449522,29.78333333,md
PYTHON,40449522,29.78333333,me
PYTHON,48934338,18.03333333,mb
PYTHON,48934338,18.03333333,me
PYTHON,56657993,0.333333333,?
PYTHON,40709074,0.55,me
PYTHON,41034888,0.166666667,mr
PYTHON,41034888,0.166666667,me
PYTHON,57161576,145.4166667,md
PYTHON,57161576,145.4166667,me
PYTHON,57161576,145.4166667,mb
PYTHON,49058507,0.3,fp
PYTHON,49058507,0.3,mb
PYTHON,49100865,2.5,mr
PYTHON,49161208,12735.71667,mb
PYTHON,41472015,6.75,fp
PYTHON,41472015,6.75,mb
PYTHON,59478341,3.016666667,no
PYTHON,59936599,0.216666667,mr
PYTHON,59936599,0.216666667,mb
PYTHON,41344168,214.3333333,no
PYTHON,49456415,15.81666667,mb
PYTHON,58686400,4646.533333,no
PYTHON,62535163,312.6333333,dp
PYTHON,62535163,312.6333333,fp
PYTHON,48880934,864.1166667,md
PYTHON,48880934,864.1166667,me
PYTHON,6482152,16.06666667,mr
PYTHON,6482152,16.06666667,mm
PYTHON,6482152,16.06666667,mb
PYTHON,41612057,4.316666667,fp
PYTHON,49841324,0.083333333,mb
PYTHON,49925374,0.433333333,md
PYTHON,49925374,0.433333333,mb
PYTHON,41987690,15.96666667,fp
PYTHON,41987690,15.96666667,dp
PYTHON,41987690,15.96666667,dc
PYTHON,42092448,0.833333333,dp
PYTHON,42092448,0.833333333,me
PYTHON,49374508,759.8166667,mb
PYTHON,6615665,0.1,mr
PYTHON,6615665,0.1,mb
PYTHON,42142366,1.366666667,mr
PYTHON,42142366,1.366666667,mb
PYTHON,50061393,0.183333333,me
PYTHON,50176861,0.233333333,mb
PYTHON,50176861,0.233333333,me
PYTHON,42379138,3.916666667,mb
PYTHON,42379138,3.916666667,fp
PYTHON,50185399,107.2833333,me
PYTHON,7047555,9.616666667,dc
PYTHON,7047555,9.616666667,dp
PYTHON,7047555,9.616666667,fp
PYTHON,7047555,9.616666667,mb
PYTHON,7047555,9.616666667,mr
PYTHON,42392441,7.55,me
PYTHON,7391427,17.23333333,?
PYTHON,42504652,0.066666667,no
PYTHON,42746901,8.233333333,fp
PYTHON,42746901,8.233333333,mb
PYTHON,50259290,0.483333333,dp
PYTHON,50259290,0.483333333,mb
PYTHON,7718034,0.616666667,mr
PYTHON,7718034,0.616666667,mb
PYTHON,42844457,0.216666667,dp
PYTHON,42844457,0.216666667,fp
PYTHON,50393666,2.5,mb
PYTHON,50393666,2.5,me
PYTHON,8284456,3.9,me
PYTHON,43377189,5.85,fp
PYTHON,43377189,5.85,mb
PYTHON,8439194,43.55,mr
PYTHON,8439194,43.55,mb
PYTHON,50662425,0.633333333,dp
PYTHON,50662425,0.633333333,fp
PYTHON,50662425,0.633333333,mb
PYTHON,43562347,0.566666667,mb
PYTHON,50975447,93.18333333,mb
PYTHON,50975447,93.18333333,md
PYTHON,50931168,213.1833333,mb
PYTHON,51100057,0.866666667,dc
PYTHON,51100057,0.866666667,dp
PYTHON,51100057,0.866666667,fp
PYTHON,43621258,62.33333333,dp
PYTHON,8691537,5.183333333,mm
PYTHON,8691537,5.183333333,mb
PYTHON,8691537,5.183333333,mr
PYTHON,51181393,2.333333333,me
PYTHON,43787107,0.133333333,?
PYTHON,51190809,1.55,mb
PYTHON,51190809,1.55,me
PYTHON,51190809,1.55,dc
PYTHON,43567552,445.4333333,fp
PYTHON,51587279,3.5,mb
PYTHON,51587279,3.5,md
PYTHON,35365007,10959.21667,mb
PYTHON,51700729,0.433333333,mb
PYTHON,51700729,0.433333333,fp
PYTHON,44364377,223.2166667,mm
PYTHON,44364377,223.2166667,mr
PYTHON,44364377,223.2166667,me
PYTHON,9734403,57.08333333,me
PYTHON,51541610,390.2833333,md
PYTHON,51541610,390.2833333,mb
PYTHON,44601533,0.55,?
PYTHON,52057836,138.8666667,mb
PYTHON,52627739,1.783333333,mr
PYTHON,52627739,1.783333333,mb
PYTHON,52660985,9.983333333,me
PYTHON,44716415,2.45,me
PYTHON,44790116,1.816666667,mb
PYTHON,44822999,0.183333333,fp
PYTHON,44822999,0.183333333,mb
PYTHON,52831351,187.0666667,me
PYTHON,10592605,1.583333333,mb
PYTHON,44956460,0.25,mb
PYTHON,10519690,1474.483333,fp
PYTHON,10519690,1474.483333,mb
PYTHON,44972799,0.3,me
PYTHON,44856691,171.4833333,dp
PYTHON,53496095,0.633333333,dp
PYTHON,53496095,0.633333333,mb
PYTHON,53483648,120.3333333,mb
PYTHON,53483648,120.3333333,me
PYTHON,44978255,69.96666667,dp
PYTHON,44978255,69.96666667,fp
PYTHON,53790092,27.26666667,mb
PYTHON,53790092,27.26666667,me
PYTHON,53939290,155.8166667,mb
PYTHON,53939290,155.8166667,me
PYTHON,12180822,2.283333333,mb
PYTHON,54527439,7.1,no
PYTHON,12462410,16.96666667,fp
PYTHON,12462410,16.96666667,mb
PYTHON,54727686,3.35,dp
PYTHON,54738045,8.483333333,dp
PYTHON,54734556,25.68333333,md
PYTHON,54734556,25.68333333,mb
PYTHON,54797508,18.38333333,mb
PYTHON,42422593,3525.716667,mr
PYTHON,41844311,18443.5,mr
PYTHON,12131472,1465.466667,mb
PYTHON,45308155,0.2,mb
PYTHON,45394527,0.2,mb
PYTHON,45314813,182.1333333,me
PYTHON,55049208,8.116666667,mb
PYTHON,55049208,8.116666667,md
PYTHON,45521499,0.816666667,?
PYTHON,14361798,0.566666667,mr
PYTHON,45554008,0.166666667,dp
PYTHON,45554008,0.166666667,fp
PYTHON,45586458,0.266666667,dp
PYTHON,45652597,6.216666667,me
PYTHON,45685887,2.2,md
PYTHON,45685887,2.2,mb
PYTHON,55740220,26.28333333,?
PYTHON,46136774,0.366666667,no
PYTHON,55782573,22.05,me
PYTHON,46204569,1.65,dp
PYTHON,46204569,1.65,fp
PYTHON,46204569,1.65,mr
PYTHON,46204569,1.65,mb
PYTHON,16326699,0.083333333,mr
PYTHON,55811017,187.7666667,mb
PYTHON,55811017,187.7666667,me
PYTHON,55923311,22.81666667,mb
PYTHON,55923311,22.81666667,md
PYTHON,46411180,0.983333333,dp
PYTHON,46411180,0.983333333,fp
PYTHON,55940040,1.816666667,fp
PYTHON,46430351,0.6,mb
PYTHON,46618669,2.05,mb
PYTHON,46705600,3.316666667,mb
PYTHON,55964305,0.116666667,me
PYTHON,55953958,17.23333333,fp
PYTHON,17454139,17.53333333,mb
PYTHON,55994576,1.1,fp
PYTHON,45799926,1577.1,dp
PYTHON,55993817,14.98333333,md
PYTHON,55993817,14.98333333,mb
PYTHON,56104861,1.916666667,dp
PYTHON,56104861,1.916666667,fp
PYTHON,47206714,6.5,mb
PYTHON,18280652,0.133333333,fp
PYTHON,56893118,0.433333333,dp
PYTHON,57237381,3.166666667,md
PYTHON,57237381,3.166666667,mb
PYTHON,47416982,0.3,md
PYTHON,47416982,0.3,mb
PYTHON,45863744,2372.7,me
PYTHON,58171081,72.61666667,mr
PYTHON,58171081,72.61666667,mb
PYTHON,59003591,0.566666667,mb
PYTHON,47765595,14.71666667,mb
PYTHON,59631994,1.35,mr
PYTHON,59631994,1.35,mb
PYTHON,59312883,1403.233333,mb
PYTHON,60321389,0.683333333,me
PYTHON,60275455,187.75,mr
PYTHON,60275455,187.75,mm
PYTHON,47786637,9.05,fp
PYTHON,47786637,9.05,mb
PYTHON,20557550,2.9,dp
PYTHON,20557550,2.9,fp
PYTHON,60785091,7.116666667,mb
PYTHON,20781614,23.1,mr
PYTHON,47844093,147.9,mb
PYTHON,47844093,147.9,fp
PYTHON,21506128,50.98333333,mr
PYTHON,62111883,83.75,mb
PYTHON,62111883,83.75,fp
PYTHON,62268459,59.18333333,fp
PYTHON,62268459,59.18333333,mb
PYTHON,62268459,59.18333333,me
PYTHON,62490911,106.3166667,fp
PYTHON,22187589,0.433333333,dp
PYTHON,22187589,0.433333333,fp
PYTHON,47911104,593.0833333,mb
PYTHON,47911104,593.0833333,md
PYTHON,22851316,0.3,?
PYTHON,48373088,0.683333333,dc
PYTHON,48373088,0.683333333,dp
PYTHON,23056460,5.6,mr
PYTHON,23294616,1.066666667,fp
PYTHON,48390958,0.85,?
PYTHON,16448988,10629.93333,mr
PYTHON,16448988,10629.93333,mb
PYTHON,25109001,26.16666667,md
PYTHON,25109001,26.16666667,me
PYTHON,25154231,3.2,fp
PYTHON,26497564,1.683333333,mb
PYTHON,45553929,4201.7,mb
PYTHON,27546476,0.166666667,mr
PYTHON,27546476,0.166666667,mb
PYTHON,48528933,0.366666667,mb
PYTHON,48528933,0.366666667,me
PYTHON,27810855,7.433333333,dp
PYTHON,27810855,7.433333333,fp
PYTHON,48547688,4.883333333,md
PYTHON,48547688,4.883333333,mb
PYTHON,28005307,71.05,mb
PYTHON,28005307,71.05,me
PYTHON,48618525,5.116666667,me
PYTHON,28314337,0.333333333,mr
PYTHON,28314337,0.333333333,mb
PYTHON,48714919,0.833333333,me
PYTHON,48775305,16.9,me
PYTHON,29082001,0.116666667,mb
PYTHON,29538292,0.95,fp
PYTHON,29538292,0.95,me
PYTHON,48880557,3.783333333,me
PYTHON,29986453,16.43333333,me
PYTHON,29986453,16.43333333,md
PYTHON,31109464,0.683333333,fp
PYTHON,48988182,68.01666667,mb
PYTHON,31270215,1.883333333,mb
PYTHON,49285112,1.916666667,mb
PYTHON,31571217,16.88333333,me
PYTHON,31626831,0.133333333,mr
PYTHON,31626831,0.133333333,mb
PYTHON,49295311,3.633333333,mb
PYTHON,49473587,1.616666667,me
PYTHON,49390842,614.7666667,me
PYTHON,32615429,2.016666667,mb
PYTHON,33094056,0.166666667,dp
PYTHON,33762831,1.116666667,fp
PYTHON,33762831,1.116666667,mb
PYTHON,21675240,37213.18333,mb
PYTHON,50305223,23.5,me
PYTHON,47370240,4951.216667,mb
PYTHON,47370240,4951.216667,me
PYTHON,50796024,57.58333333,me
PYTHON,50965004,0.65,mr
PYTHON,50996623,0.083333333,dp
PYTHON,50996623,0.083333333,fp
PYTHON,33948946,2.25,me
PYTHON,51041128,21.58333333,mr
PYTHON,51041128,21.58333333,mb
PYTHON,33997823,26.76666667,me
PYTHON,51257037,8.7,me
PYTHON,51905524,1.25,me
PYTHON,33784214,343.5666667,md
PYTHON,51906274,0.316666667,fp
PYTHON,51906274,0.316666667,mb
PYTHON,51906274,0.316666667,me
PYTHON,34126228,0.833333333,fp
PYTHON,51972647,1.033333333,mb
PYTHON,52018645,0.766666667,md
PYTHON,52018645,0.766666667,mb
PYTHON,34240703,4.966666667,no
PYTHON,51989867,89.51666667,fp
PYTHON,51989867,89.51666667,mb
PYTHON,52269680,0.316666667,me
PYTHON,34457281,2.166666667,?
PYTHON,52433384,0.15,dp
PYTHON,34494780,2.966666667,dp
PYTHON,34494780,2.966666667,fp
PYTHON,52282108,304.45,mb
PYTHON,52282108,304.45,me
PYTHON,52910061,2.116666667,mb
PYTHON,52910061,2.116666667,me
PYTHON,53153790,0.35,mb
PYTHON,34496256,32.43333333,mb
PYTHON,34496256,32.43333333,me
PYTHON,47485216,8767.133333,fp
PYTHON,27107205,9897.483333,mr
PYTHON,27107205,9897.483333,mb
PYTHON,53911663,0.516666667,no
PYTHON,34717241,4.05,mb
PYTHON,53912714,0.7,no
PYTHON,35094899,0.183333333,no
PYTHON,54411662,85.78333333,md
PYTHON,54411662,85.78333333,me
PYTHON,35300805,0.8,mr
PYTHON,35310710,0.683333333,dp
PYTHON,54987484,18.21666667,dp
PYTHON,54987484,18.21666667,fp
PYTHON,55466081,5.016666667,me
PYTHON,35411837,19.58333333,me
PYTHON,35136404,514.0833333,mb
PYTHON,35136404,514.0833333,me
PYTHON,35725513,1.633333333,?
PYTHON,35793813,1.25,me
PYTHON,35938740,154.2166667,dp
PYTHON,35938740,154.2166667,fp
PYTHON,55525195,0.966666667,fp
PYTHON,55525195,0.966666667,mb
PYTHON,36107820,4.6,mb
PYTHON,55604668,1.933333333,mb
PYTHON,36314144,0.183333333,no
PYTHON,55649352,1.766666667,mb
PYTHON,56318636,30.96666667,mr
PYTHON,36864774,5.6,me
PYTHON,37212779,2.466666667,no
PYTHON,56557084,170.0833333,md
PYTHON,56557084,170.0833333,mb
PYTHON,56557084,170.0833333,fp
PYTHON,37293642,1.9,mb
PYTHON,37293642,1.9,me
PYTHON,37370369,10.85,?
PYTHON,56745486,6.333333333,fp
PYTHON,37379751,62.08333333,mb
PYTHON,56846266,155.5666667,mb
PYTHON,58194687,153.6,mm
PYTHON,58194687,153.6,mr
PYTHON,38077190,4.833333333,mb
PYTHON,38077190,4.833333333,me
PYTHON,45863400,20751.41667,fp
PYTHON,38936854,78.93333333,dp
PYTHON,59666138,8.283333333,me
PYTHON,59666138,8.283333333,mb
PYTHON,39604918,0.75,no
PYTHON,59739434,0.133333333,dp
PYTHON,39762019,0.866666667,dp
PYTHON,39762019,0.866666667,fp
PYTHON,20224526,24907.85,me
PYTHON,58143075,5105.4,mb
PYTHON,58143075,5105.4,md
PYTHON,61425296,196.9333333,me
PYTHON,40046619,37.35,no
PYTHON,61706535,2.05,me
PYTHON,40178202,20.78333333,me
PYTHON,62008955,0.816666667,dp
PYTHON,56380303,8748.516667,mb
PYTHON,56380303,8748.516667,me
PYTHON,62580268,437.3666667,md
PYTHON,62580268,437.3666667,mb
PYTHON,62580268,437.3666667,mr
PYTHON,63094847,104.5166667,dp
PYTHON,63094847,104.5166667,mb
PYTHON,40293169,244.7166667,md
PYTHON,40293169,244.7166667,me
PYTHON,63830441,0.6,mr
PYTHON,63830441,0.6,mb
PYTHON,40567103,0.05,dp
PYTHON,40570370,2.483333333,me
PYTHON,40795141,11.3,mr
PYTHON,40795141,11.3,fp
PYTHON,40863665,0.45,dp
PYTHON,40866124,3.25,mb
PYTHON,40960978,1.433333333,mb
PYTHON,40996051,1.316666667,mr
PYTHON,40996051,1.316666667,mb
PYTHON,41064802,23.58333333,mb
PYTHON,41064802,23.58333333,me
PYTHON,29656550,14566.41667,me
PYTHON,41122200,0.25,mr
PYTHON,41122200,0.25,md
PYTHON,41122200,0.25,mb
PYTHON,41467570,0.7,fp
PYTHON,41467570,0.7,mb
PYTHON,41539047,14.81666667,mb
PYTHON,41524565,52.73333333,mb
PYTHON,41560177,1.816666667,mb
PYTHON,41560177,1.816666667,me
PYTHON,41661801,2.616666667,mr
PYTHON,41661801,2.616666667,mb
PYTHON,41776579,2.616666667,no
PYTHON,41836602,5.683333333,dp
PYTHON,41836602,5.683333333,me
PYTHON,41998147,1.266666667,?
PYTHON,42250958,0.1,mb
PYTHON,42131696,194.4,mb
PYTHON,42492824,2.566666667,mb
PYTHON,42570325,3.05,mb
PYTHON,42570325,3.05,me
PYTHON,42606207,1.716666667,mr
PYTHON,42606207,1.716666667,me
PYTHON,42665359,0.216666667,me
PYTHON,41332981,1810.516667,mr
PYTHON,40690598,2721.216667,mr
PYTHON,42762849,1.366666667,mr
PYTHON,42762849,1.366666667,fp
PYTHON,42762849,1.366666667,mb
PYTHON,41837767,1263.783333,mb
PYTHON,41837767,1263.783333,me
PYTHON,43010286,0.033333333,dp
PYTHON,43037258,10.15,md
PYTHON,43037258,10.15,mb
PYTHON,43196636,0.783333333,mb
PYTHON,37984304,7089.466667,mb
PYTHON,43454004,2.433333333,no
PYTHON,43577590,21.45,fp
PYTHON,43577590,21.45,mb
PYTHON,43676905,1.783333333,me
PYTHON,43322131,600.8333333,me
PYTHON,44151760,0.916666667,me
PYTHON,44210454,0.166666667,?
PYTHON,44308504,0.283333333,fp
PYTHON,38665556,7711.033333,mb
PYTHON,38665556,7711.033333,me
PYTHON,44611006,14.16666667,mb
PYTHON,44644800,6.616666667,mr
PYTHON,44644800,6.616666667,mb
PYTHON,44644800,6.616666667,md
PYTHON,44697524,4.55,md
PYTHON,44697524,4.55,mb
PYTHON,45012271,2.45,fp
PYTHON,45012271,2.45,mb
PYTHON,45012271,2.45,md
PYTHON,45145368,1.65,dp
PYTHON,45145368,1.65,mb
PYTHON,45313775,0.2,mr
PYTHON,45313775,0.2,mb
PYTHON,45378493,3.533333333,me
PYTHON,45479239,3.066666667,fp
PYTHON,45479239,3.066666667,mb
PYTHON,45642077,0.25,fp
PYTHON,45642077,0.25,mb
PYTHON,45692238,0.466666667,mb
PYTHON,45779257,12.01666667,mb
PYTHON,45799474,42.41666667,me
PYTHON,45844684,0.45,dp
PYTHON,45855160,0.183333333,dp
PYTHON,45855160,0.183333333,mb
PYTHON,45930750,9.233333333,me
PYTHON,45959112,1.366666667,me
PYTHON,46009619,13.91666667,mb
PYTHON,46009619,13.91666667,me
PYTHON,46028914,6.366666667,mb
PYTHON,46028914,6.366666667,me
PYTHON,42081257,5026,mb
PYTHON,42081257,5026,me
PYTHON,46330204,71.36666667,dp
PYTHON,46330204,71.36666667,mb
PYTHON,46385797,4.716666667,mr
PYTHON,46385797,4.716666667,mb
PYTHON,46385797,4.716666667,me
PYTHON,46452020,0.95,?
PYTHON,46656327,0.983333333,dp
PYTHON,46656327,0.983333333,fp
PYTHON,46819664,1.016666667,me
PYTHON,46832151,0.666666667,mb
PYTHON,46832151,0.666666667,me
PYTHON,45030966,2650.05,mb
PYTHON,47251594,19.06666667,me
PYTHON,47197989,192.0333333,mb
PYTHON,47484481,0.1,dp
PYTHON,47484481,0.1,fp
PYTHON,45256627,3158.116667,mb
PYTHON,45256627,3158.116667,me
PYTHON,47599436,120,me
PYTHON,47817424,1.55,me
PYTHON,48153854,15.63333333,md
PYTHON,48153854,15.63333333,dp
PYTHON,48674881,5.566666667,dp
PYTHON,48674881,5.566666667,fp
PYTHON,48502153,295.3833333,me
PYTHON,48971852,0.15,mr
PYTHON,48971852,0.15,dc
PYTHON,48971852,0.15,dp
PYTHON,48971852,0.15,fp
PYTHON,48971852,0.15,mb
PYTHON,49007163,0.516666667,?
PYTHON,49503748,1.383333333,mb
PYTHON,49503748,1.383333333,md
PYTHON,49612619,2.283333333,me
PYTHON,49623620,0.8,dp
PYTHON,49852241,6.55,me
PYTHON,49859625,0.183333333,me
PYTHON,50184145,0.183333333,dp
PYTHON,50184145,0.183333333,mb
PYTHON,50183080,9.45,mb
PYTHON,50227925,0.166666667,mb
PYTHON,50227925,0.166666667,md
PYTHON,50536721,3.133333333,dp
PYTHON,33759623,22553.55,mb
PYTHON,33759623,22553.55,md
PYTHON,51054627,1.216666667,?
PYTHON,45081194,8567.933333,mb
PYTHON,45081194,8567.933333,me
PYTHON,51305682,0.366666667,dc
PYTHON,51305682,0.366666667,dp
PYTHON,51305682,0.366666667,fp
PYTHON,51327856,1.85,fp
PYTHON,51327856,1.85,mb
PYTHON,51332144,83.51666667,dp
PYTHON,51332144,83.51666667,fp
PYTHON,51332144,83.51666667,mb
PYTHON,51479458,24.31666667,mr
PYTHON,51605893,0.65,fp
PYTHON,51605893,0.65,mb
PYTHON,51663071,0.066666667,dp
PYTHON,51663071,0.066666667,fp
PYTHON,51756581,4.016666667,dp
PYTHON,51858970,3.3,mb
PYTHON,51955256,40.65,me
PYTHON,52048171,12.76666667,me
PYTHON,52184142,1.683333333,dp
PYTHON,52232665,3.333333333,mb
PYTHON,52513777,0.483333333,dp
PYTHON,52800025,27.88333333,mb
PYTHON,52800025,27.88333333,fp
PYTHON,53232969,20.4,me
PYTHON,53280967,17.56666667,mb
PYTHON,53183865,707.7833333,md
PYTHON,53963183,1.783333333,dp
PYTHON,53963183,1.783333333,fp
PYTHON,54105174,10.71666667,mb
PYTHON,53048124,1901.283333,?
PYTHON,54377389,24.85,me
PYTHON,54608088,3.283333333,me
PYTHON,53253205,2700.966667,fp
PYTHON,53253205,2700.966667,mb
PYTHON,55005432,0.733333333,mb
PYTHON,55170460,54.45,no
PYTHON,55609339,24.35,fp
PYTHON,55650782,2.533333333,fp
PYTHON,55786121,1.083333333,mr
PYTHON,55884496,263.15,mr
PYTHON,55884496,263.15,mb
PYTHON,56203889,2.583333333,me
PYTHON,56263870,11.58333333,mb
PYTHON,56263870,11.58333333,md
PYTHON,56153726,227.5666667,mb
PYTHON,56153726,227.5666667,me
PYTHON,56977277,0.483333333,mb
PYTHON,56977277,0.483333333,me
PYTHON,56865344,215.5333333,md
PYTHON,56865344,215.5333333,me
PYTHON,57304185,22.6,me
PYTHON,58857780,8.266666667,dp
PYTHON,59535286,1.066666667,me
PYTHON,59535286,1.066666667,dp
PYTHON,59535286,1.066666667,dc
PYTHON,59535286,1.066666667,md
PYTHON,59535286,1.066666667,mm
PYTHON,59481354,209.55,dp
PYTHON,59481354,209.55,fp
PYTHON,60408901,0.066666667,mr
PYTHON,60408901,0.066666667,dp
PYTHON,60408901,0.066666667,fp
PYTHON,60408901,0.066666667,mb
PYTHON,50723432,15238.46667,me
PYTHON,60551145,38.71666667,?
PYTHON,61505749,4.183333333,mb
PYTHON,62610782,200.4,fp
PYTHON,62610782,200.4,mb
PYTHON,63490533,198.6333333,mb
PYTHON,4091172,0.416666667,mb
PYTHON,4091172,0.416666667,me
PYTHON,4274218,516.6333333,mr
PYTHON,4274218,516.6333333,mb
PYTHON,5779011,0.133333333,?
PYTHON,6593030,1.283333333,mr
PYTHON,6593030,1.283333333,mb
PYTHON,6608241,38.18333333,mb
PYTHON,8057936,10.75,mb
PYTHON,8108550,15.71666667,mr
PYTHON,8108550,15.71666667,mb
PYTHON,8281034,0.483333333,me
PYTHON,8302519,1517.416667,me
PYTHON,9014416,466.3833333,me
PYTHON,9010817,1040.966667,mr
PYTHON,9010817,1040.966667,dp
PYTHON,10079163,0.166666667,mr
PYTHON,10079163,0.166666667,dp
PYTHON,10079163,0.166666667,mb
PYTHON,10304109,75.7,mr
PYTHON,10304109,75.7,me
PYTHON,10640755,74.11666667,mr
PYTHON,10640755,74.11666667,mb
PYTHON,12632992,6.816666667,mb
PYTHON,13068257,19.43333333,fp
PYTHON,13068257,19.43333333,mb
PYTHON,13788229,0.4,mr
PYTHON,14207410,7.466666667,me
PYTHON,14562625,0.45,dp
PYTHON,14562625,0.45,fp
PYTHON,14562625,0.45,mr
PYTHON,15257674,0.633333333,dp
PYTHON,15257674,0.633333333,fp
PYTHON,16392872,23.3,me
PYTHON,17487356,69.75,mr
PYTHON,17487356,69.75,mb
PYTHON,17584116,5.516666667,?
PYTHON,17784587,9.966666667,me
PYTHON,19409056,1.316666667,me
PYTHON,19678641,40.55,mr
PYTHON,19678641,40.55,mb
PYTHON,19629331,110.1,me
PYTHON,19753945,0.5,fp
PYTHON,20082674,0.516666667,mr
PYTHON,20082674,0.516666667,mb
PYTHON,20156951,5.766666667,me
PYTHON,20252323,0.15,mb
PYTHON,20252323,0.15,me
PYTHON,20662023,0.733333333,mb
PYTHON,20681864,0.166666667,me
PYTHON,21260691,0.116666667,me
PYTHON,21810477,0.4,mr
PYTHON,22538080,60.61666667,me
PYTHON,22920801,0.15,fp
PYTHON,22920801,0.15,me
PYTHON,26478000,1.05,mr
PYTHON,26478000,1.05,mb
PYTHON,26478000,1.05,me
PYTHON,26976362,3.8,fp
PYTHON,27264426,30.56666667,fp
PYTHON,27264426,30.56666667,mr
PYTHON,29393739,1.2,mb
PYTHON,30408046,63.23333333,me
PYTHON,31129592,0.466666667,me
PYTHON,31324218,28.91666667,dp
PYTHON,31324218,28.91666667,mb
PYTHON,31324218,28.91666667,me
PYTHON,31526644,0.116666667,no
PYTHON,28035216,4954.733333,mr
PYTHON,28035216,4954.733333,mb
PYTHON,33660836,0.233333333,dp
PYTHON,33837125,15.05,me
PYTHON,34007308,1.066666667,dp
PYTHON,34007308,1.066666667,fp
PYTHON,34007308,1.066666667,mb
PYTHON,34007308,1.066666667,mr
PYTHON,34093264,0.4,md
PYTHON,34093264,0.4,me
PYTHON,34144632,1.05,mr
PYTHON,34167537,1.733333333,mb
PYTHON,34167537,1.733333333,me
PYTHON,34236252,6.566666667,fp
PYTHON,34236252,6.566666667,mb
PYTHON,34213199,93.65,dp
PYTHON,34213199,93.65,fp
PYTHON,34274598,1.8,me
PYTHON,34445590,16,mr
PYTHON,34463819,4.216666667,mb
PYTHON,34463819,4.216666667,me
PYTHON,34561554,0.75,dp
PYTHON,34561554,0.75,fp
PYTHON,34570177,0.533333333,fp
PYTHON,34570177,0.533333333,mb
PYTHON,34602791,0.366666667,?
PYTHON,34784004,1.166666667,dp
PYTHON,34784004,1.166666667,fp
PYTHON,34784004,1.166666667,mb
PYTHON,34779961,12.25,dp
PYTHON,33749735,1604.516667,no
PYTHON,28727709,8219.366667,md
PYTHON,28727709,8219.366667,mb
PYTHON,35377290,2.933333333,mr
PYTHON,35377290,2.933333333,dc
PYTHON,35377290,2.933333333,dp
PYTHON,35377290,2.933333333,fp
PYTHON,35377290,2.933333333,mb
PYTHON,35414824,24.33333333,mr
PYTHON,35414824,24.33333333,mb
PYTHON,35414824,24.33333333,mm
PYTHON,36031324,10.68333333,mb
PYTHON,36075319,15.38333333,fp
PYTHON,36470834,10.65,me
PYTHON,36470834,10.65,mr
PYTHON,36470834,10.65,mb
PYTHON,36681449,0.066666667,me
PYTHON,36599237,442.15,mb
PYTHON,37084800,9.05,mb
PYTHON,37084800,9.05,me
PYTHON,37522191,0.05,mb
PYTHON,37522191,0.05,me
PYTHON,37716699,1.316666667,dp
PYTHON,38189153,0.333333333,dp
PYTHON,38189153,0.333333333,fp
PYTHON,38189153,0.333333333,mb
PYTHON,38189153,0.333333333,me
PYTHON,38189153,0.333333333,md
PYTHON,38223579,0.633333333,dp
PYTHON,38568673,0.183333333,mb
PYTHON,38850885,3.483333333,mb
PYTHON,38850885,3.483333333,me
PYTHON,38740885,185.75,dp
PYTHON,38740885,185.75,fp
PYTHON,38740885,185.75,mb
PYTHON,39124676,96.88333333,mb
PYTHON,39782243,7.766666667,mb
PYTHON,39782243,7.766666667,me
PYTHON,40131893,0.866666667,mb
PYTHON,40131893,0.866666667,me
PYTHON,40323321,1.05,fp
PYTHON,40323321,1.05,mb
PYTHON,40539938,1.1,mb
PYTHON,40666316,0.066666667,dp
PYTHON,40666316,0.066666667,fp
PYTHON,41433282,51.91666667,md
PYTHON,41708865,15.81666667,dc
PYTHON,41708865,15.81666667,dp
PYTHON,41708865,15.81666667,fp
PYTHON,41838056,0.45,mb
PYTHON,41838056,0.45,md
PYTHON,41993565,0.3,mb
PYTHON,42007511,169.5833333,mr
PYTHON,42007511,169.5833333,mb
PYTHON,42398645,0.65,fp
PYTHON,42398645,0.65,mb
PYTHON,42546720,1.5,dp
PYTHON,42728772,2.8,fp
PYTHON,42790356,10.36666667,md
PYTHON,42887346,44.55,me
PYTHON,42960567,0.083333333,?
PYTHON,43521439,3.75,mb
PYTHON,43521439,3.75,md
PYTHON,43591621,0.383333333,mb
PYTHON,43631031,9.85,me
PYTHON,44132652,1.483333333,mb
PYTHON,44132652,1.483333333,me
PYTHON,42184863,3235.633333,fp
PYTHON,42184863,3235.633333,mb
PYTHON,44862712,1.166666667,mr
PYTHON,44862712,1.166666667,dp
PYTHON,42821330,2635.783333,mr
PYTHON,42821330,2635.783333,mb
PYTHON,42821330,2635.783333,me
PYTHON,42821330,2635.783333,mm
PYTHON,45123263,0.15,mb
PYTHON,45232671,6.116666667,?
PYTHON,45612698,0.15,mb
PYTHON,45861281,0.216666667,mb
PYTHON,46084574,9.133333333,me
PYTHON,46269642,0.183333333,fp
PYTHON,46269642,0.183333333,mb
PYTHON,46423156,1.166666667,fp
PYTHON,46572674,1.816666667,fp
PYTHON,46572674,1.816666667,mb
PYTHON,46756606,4.083333333,mb
PYTHON,34324192,16233.58333,mb
PYTHON,46864926,43.03333333,me
PYTHON,46983871,0.133333333,me
PYTHON,47104129,16.7,me
PYTHON,47508874,5.45,me
PYTHON,47585723,10.38333333,fp
PYTHON,47585723,10.38333333,mb
PYTHON,47628131,64.91666667,?
PYTHON,47701544,0.633333333,mb
PYTHON,48027263,14.23333333,mb
PYTHON,48027263,14.23333333,me
PYTHON,48053907,12.76666667,mb
PYTHON,48155026,65.18333333,dp
PYTHON,48265926,1.216666667,me
PYTHON,48309322,1.133333333,mb
PYTHON,48355700,7,me
PYTHON,44621452,5547.466667,mr
PYTHON,48677128,6.45,dp
PYTHON,48677128,6.45,md
PYTHON,48677128,6.45,mb
PYTHON,48758741,2.75,fp
PYTHON,48758741,2.75,me
PYTHON,48816873,159.2166667,mb
PYTHON,48816873,159.2166667,me
PYTHON,49099687,0.683333333,mb
PYTHON,49099687,0.683333333,me
PYTHON,49416716,1.316666667,fp
PYTHON,49687009,0.383333333,dp
PYTHON,49687009,0.383333333,fp
PYTHON,49785536,0.066666667,mb
PYTHON,49785536,0.066666667,me
PYTHON,49743838,55.1,mb
PYTHON,50012105,8.1,dp
PYTHON,50012105,8.1,fp
PYTHON,50077562,7.866666667,mb
PYTHON,50077562,7.866666667,me
PYTHON,50037674,96.76666667,me
PYTHON,50037674,96.76666667,mr
PYTHON,50082882,166.5666667,md
PYTHON,50082882,166.5666667,mb
PYTHON,50082882,166.5666667,me
PYTHON,50207228,2.366666667,fp
PYTHON,50207228,2.366666667,mb
PYTHON,50325786,0.3,me
PYTHON,50372220,367.9166667,mb
PYTHON,50372220,367.9166667,me
PYTHON,50978117,3.233333333,me
PYTHON,48600374,3344.716667,dc
PYTHON,48600374,3344.716667,me
PYTHON,48600374,3344.716667,dp
PYTHON,51055193,0.3,no
PYTHON,51442459,0.266666667,mb
PYTHON,51613863,0.316666667,mb
PYTHON,51962106,1.116666667,dp
PYTHON,51962106,1.116666667,fp
PYTHON,51962106,1.116666667,mb
PYTHON,52034983,251.0166667,me
PYTHON,52371714,0.516666667,mb
PYTHON,52371714,0.516666667,me
PYTHON,52371714,0.516666667,mr
PYTHON,52408949,3.116666667,mb
PYTHON,52408949,3.116666667,me
PYTHON,52572433,15.18333333,mb
PYTHON,52572433,15.18333333,me
PYTHON,53259434,2.6,fp
PYTHON,53259434,2.6,mb
PYTHON,52166308,2019.133333,mb
PYTHON,52166308,2019.133333,me
PYTHON,53769556,12.78333333,mb
PYTHON,53769556,12.78333333,me
PYTHON,53783731,0.833333333,me
PYTHON,53800369,0.283333333,mb
PYTHON,53986123,6.05,mb
PYTHON,54150147,0.4,me
PYTHON,54189142,168.6166667,mb
PYTHON,54189142,168.6166667,me
PYTHON,54589669,5.566666667,me
PYTHON,54678896,10,md
PYTHON,54678896,10,mb
PYTHON,55094952,6.95,mb
PYTHON,55094952,6.95,me
PYTHON,55129963,2.333333333,fp
PYTHON,55129963,2.333333333,me
PYTHON,55268762,18,mb
PYTHON,55435619,0.15,me
PYTHON,55605681,0.25,me
PYTHON,56310849,0.1,dc
PYTHON,56334210,154.5166667,?
PYTHON,56382500,172.0833333,me
PYTHON,57216216,75.81666667,mb
PYTHON,57216216,75.81666667,me
PYTHON,57216216,75.81666667,mr
PYTHON,57216216,75.81666667,fp
PYTHON,57350786,91.86666667,me
PYTHON,58565394,1.1,me
PYTHON,58657003,0.7,mb
PYTHON,58657003,0.7,me
PYTHON,58504305,266.6666667,mr
PYTHON,58504305,266.6666667,mb
PYTHON,58900947,23.5,mb
PYTHON,58900947,23.5,me
PYTHON,58900947,23.5,md
PYTHON,59017023,0.6,mb
PYTHON,59327637,66.71666667,md
PYTHON,59327637,66.71666667,mb
PYTHON,59718130,1.6,me
PYTHON,59718130,1.6,dp
PYTHON,59718130,1.6,fp
PYTHON,60018578,0.3,me
PYTHON,59785890,688.25,mr
PYTHON,60294034,214.45,me
PYTHON,60422206,90.96666667,fp
PYTHON,60422206,90.96666667,mb
PYTHON,60422206,90.96666667,me
PYTHON,60422206,90.96666667,mm
PYTHON,61055924,92.33333333,mr
PYTHON,61055924,92.33333333,mb
PYTHON,58764619,6820.383333,?
PYTHON,63785319,11.06666667,md
PYTHON,63785319,11.06666667,mb
